{
  "metrics": {
    "accuracy": 0.9875,
    "precision": 0.9875121878046952,
    "recall": 0.9875,
    "f1_score": 0.9874999218745117,
    "test_loss": 0.03342663496732712,
    "test_accuracy": 0.987500011920929,
    "confusion_matrix": [
      [
        198,
        2
      ],
      [
        3,
        197
      ]
    ]
  },
  "timestamp": "2025-11-27T23:01:24.086677",
  "model_path": "../models/model_metadata.json"
}
